Date,Day,Time of Day,Mood
04-07-2025,Friday,Morning,Sad + Calm
04-07-2025,Friday,Afternoon,Sad + Energetic
04-07-2025,Friday,Evening,Sad + Calm
04-07-2025,Friday,Night,Happy + Calm
05-07-2025,Saturday,Morning,Sad + Energetic
05-07-2025,Saturday,Afternoon,Happy + Energetic
05-07-2025,Saturday,Evening,Sad + Calm
05-07-2025,Saturday,Night,Sad + Calm
06-07-2025,Sunday,Morning,Sad + Energetic
06-07-2025,Sunday,Afternoon,Happy + Calm
06-07-2025,Sunday,Evening,Happy + Calm
06-07-2025,Sunday,Night,Sad + Calm
07-07-2025,Monday,Morning,Sad + Calm
07-07-2025,Monday,Afternoon,Sad + Calm
07-07-2025,Monday,Evening,Sad + Calm
07-07-2025,Monday,Night,Happy + Energetic
08-07-2025,Tuesday,Morning,Happy + Calm
08-07-2025,Tuesday,Afternoon,Happy + Calm
08-07-2025,Tuesday,Evening,Happy + Energetic
08-07-2025,Tuesday,Night,Happy + Energetic
09-07-2025,Wednesday,Morning,Happy + Calm
09-07-2025,Wednesday,Afternoon,Sad + Energetic
09-07-2025,Wednesday,Evening,Happy + Calm
09-07-2025,Wednesday,Night,Sad + Energetic
10-07-2025,Thursday,Morning,Sad + Calm
10-07-2025,Thursday,Afternoon,Happy + Energetic
10-07-2025,Thursday,Evening,Happy + Energetic
10-07-2025,Thursday,Night,Sad + Calm

