Date,Day,Time of Day,Short Notes
27-06-2025,Friday,Morning,Felt refreshed and ready to start the day
27-06-2025,Friday,Afternoon,Felt a bit tired after lunch but managed work well
27-06-2025,Friday,Evening,Felt productive and finished all tasks
27-06-2025,Friday,Night,Felt calm and grateful for the day
28-06-2025,Saturday,Morning,Felt a little stressed about upcoming meetings
28-06-2025,Saturday,Afternoon,Felt energized after a good meal
28-06-2025,Saturday,Evening,Felt accomplished after workout
28-06-2025,Saturday,Night,Felt relaxed while watching a movie
29-06-2025,Sunday,Morning,Felt motivated to complete assignments
29-06-2025,Sunday,Afternoon,Felt distracted but pushed through
29-06-2025,Sunday,Evening,Felt connected after catching up with friends
29-06-2025,Sunday,Night,Felt peaceful before sleep
30-06-2025,Monday,Morning,Felt lazy and wanted to stay in bed
30-06-2025,Monday,Afternoon,Felt focused and did quality work
30-06-2025,Monday,Evening,Felt a little overwhelmed with tasks
30-06-2025,Monday,Night,Felt better after journaling
01-07-2025,Tuesday,Morning,Felt happy about the weekend plans
01-07-2025,Tuesday,Afternoon,Felt social and had a good lunch with colleagues
01-07-2025,Tuesday,Evening,Felt relaxed while listening to music
01-07-2025,Tuesday,Night,Felt thankful for a good day
02-07-2025,Wednesday,Morning,Felt calm and enjoyed morning coffee
02-07-2025,Wednesday,Afternoon,Felt a little bored but stayed on track
02-07-2025,Wednesday,Evening,Felt energetic during evening walk
02-07-2025,Wednesday,Night,Felt sleepy but satisfied with the day
03-07-2025,Thursday,Morning,Felt fresh and ready for the week ahead
03-07-2025,Thursday,Afternoon,Felt slightly anxious but managed it
03-07-2025,Thursday,Evening,Felt joyful after spending time with family
03-07-2025,Thursday,Night,Felt content and excited for tomorrow
